recipe_id,name
3470.0,crock pot chicken  gravy and stuffing
52035.0,oreo balls
150384.0,panera broccoli cheese soup
97496.0,soft snickerdoodle cookies
28768.0,absolute best ever lasagna
27210.0,best grilled pork chops
63689.0,my family s favorite sloppy joes  pizza joes
87782.0,greek potatoes  oven roasted and delicious
92095.0,authentic italian meatballs
129926.0,simply sour cream chicken enchiladas
8701.0,should be illegal oven bbq ribs
33921.0,really good vegetarian meatloaf  really
205890.0,soft peanut butter cookies
33671.0,crock pot whole chicken
8782.0,roast  sticky  chicken
200296.0,kittencal s easy and delicious ranch parmesan chicken
106251.0,roasted cauliflower   16 roasted cloves of garlic
68955.0,japanese mum s chicken
107786.0,beth s melt in your mouth barbecue ribs  oven
150863.0,panera s cream cheese potato soup
9836.0,slow cooker cheesy chicken
82925.0,edna s apple crumble  aka  apple crisp
46922.0,awesome baked ham
50719.0,the sweetest blueberry muffins
10744.0,delicious chicken pot pie
54257.0,yes  virginia there is a great meatloaf
16531.0,crock pot garlic brown sugar chicken
67256.0,best ever banana cake with cream cheese frosting
5170.0,pete s scratch pancakes
25885.0,banana banana bread
27520.0,poverty meal
60350.0,easy stove top macaroni   cheese
141983.0,better than olive garden alfredo sauce
132263.0,5 minute vegan pancakes
26370.0,the only chocolate cake recipe you ll ever need   devil s food
29679.0,reeses squares   5 ingredients   no bake  reese s
43509.0,crumb topped banana muffins
71373.0,country white bread or dinner rolls  bread machine
31750.0,the best ever waffles
89207.0,kittencal s chocolate frosting icing
48760.0,szechuan noodles with spicy beef sauce
43023.0,creamy garlic penne pasta
33919.0,creamy burrito casserole
34382.0,mashed red potatoes with garlic and parmesan
22176.0,classic baked ziti
31128.0,yummy crunchy apple pie
53914.0,mama s supper club tilapia parmesan
27208.0,to die for crock pot roast
22782.0,jo mama s world famous spaghetti
2886.0,best banana bread
15072.0,perfect chocolate brownies
38298.0,olive garden copycat zuppa toscana
107997.0,4 minute spicy garlic shrimp
46877.0,uncle bill s whipped shortbread cookies
39087.0,creamy cajun chicken pasta
2496.0,dark chocolate cake
128956.0,ww 0 point weight watchers cabbage soup
15411.0,impossible peanut butter cookies
95222.0,pork chops yum yum
28148.0,oven fried chicken chimichangas
78814.0,kittencal s chicken crescent roll casserole
89204.0,crock pot chicken with black beans   cream cheese
32204.0,whatever floats your boat  brownies
37336.0,melt in your mouth chicken breasts
77397.0,kittencal s 5 minute cinnamon flop brunch cake
26217.0,bev s spaghetti sauce
27144.0,chocolate  chocolate  chocolate  bundt cake with chocolate glaze
82102.0,kittencal s moist cheddar garlic oven fried chicken breast
99476.0,the best easy beef and broccoli stir fry
69173.0,kittencal s italian melt in your mouth meatballs
73166.0,the best chili you will ever taste
9272.0,wonderful salsa
63786.0,steak  or chicken  fajitas
73825.0,why i joined zaar carrot cake
15865.0,p  f  chang s chicken lettuce wraps by todd wilbur
114392.0,ultimate pizza sauce
349246.0,microwave chocolate mug brownie
66596.0,kittencal s famous greek salad
77585.0,copycat olive garden minestrone soup by todd wilbur
135350.0,fannie farmer s classic baked macaroni   cheese
95569.0,easy and tasty barbecue chicken sandwiches in the crock pot
32844.0,pasta with sausage  tomatoes  and cream
90674.0,denny s style french toast
,
